{
  "properties": {
    "connectionReferences": {
      "shared_commondataserviceforapps_1": {
        "runtimeSource": "embedded",
        "connection": {
          "connectionReferenceLogicalName": "ita_sharedcommondataserviceforapps_78c08"
        },
        "api": {
          "name": "shared_commondataserviceforapps"
        }
      }
    },
    "definition": {
      "$schema": "https://schema.management.azure.com/providers/Microsoft.Logic/schemas/2016-06-01/workflowdefinition.json#",
      "contentVersion": "1.0.0.0",
      "parameters": {
        "$connections": {
          "defaultValue": {},
          "type": "Object"
        },
        "$authentication": {
          "defaultValue": {},
          "type": "SecureObject"
        }
      },
      "triggers": {
        "manual": {
          "metadata": {
            "operationMetadataId": "313f0580-7126-4686-a791-a66a0b22ae6f"
          },
          "type": "Request",
          "kind": "Http",
          "inputs": {
            "method": "GET",
            "triggerAuthenticationType": "All"
          }
        }
      },
      "actions": {
        "Condition": {
          "actions": {
            "Response": {
              "runAfter": {},
              "metadata": {
                "operationMetadataId": "6e581dce-dcb8-433d-a273-c082a37fab16"
              },
              "type": "Response",
              "kind": "Http",
              "inputs": {
                "statusCode": 200,
                "headers": {
                  "Cache-control": "max-age=300, public",
                  "Content-Length": "0",
                  "Connection": "close"
                }
              }
            }
          },
          "runAfter": {
            "VerifyContact": [
              "Succeeded"
            ]
          },
          "else": {
            "actions": {
              "Response_2": {
                "runAfter": {},
                "metadata": {
                  "operationMetadataId": "6e581dce-dcb8-433d-a273-c082a37fab16"
                },
                "type": "Response",
                "kind": "Http",
                "inputs": {
                  "statusCode": 401,
                  "headers": {
                    "Content-type": "text/html",
                    "Content-Length": "0",
                    "Connection": "close"
                  }
                }
              }
            }
          },
          "expression": {
            "greater": [
              "@length(outputs('VerifyContact')?['body/value'])",
              0
            ]
          },
          "metadata": {
            "operationMetadataId": "e4b0a40b-8cf5-40b9-a38e-2da7f66e4f7e"
          },
          "type": "If"
        },
        "ExternalIdentityId": {
          "runAfter": {},
          "metadata": {
            "operationMetadataId": "e6f583e4-4e18-4c8e-8eb3-9e71ae05e075"
          },
          "type": "Compose",
          "inputs": "@triggerOutputs()['headers']['Pp-User']"
        },
        "VerifyContact": {
          "runAfter": {
            "ExternalIdentityId": [
              "Succeeded"
            ]
          },
          "metadata": {
            "operationMetadataId": "53a39493-0fdc-4914-92e7-cb38453bdffa"
          },
          "type": "OpenApiConnection",
          "inputs": {
            "host": {
              "connectionName": "shared_commondataserviceforapps_1",
              "operationId": "ListRecords",
              "apiId": "/providers/Microsoft.PowerApps/apis/shared_commondataserviceforapps"
            },
            "parameters": {
              "entityName": "ita_itaportalaccesses",
              "fetchXml": "<fetch version=\"1.0\" mapping=\"logical\"  distinct=\"true\" no-lock=\"false\">\n\t<entity name=\"ita_itaportalaccess\">\n             <filter type=\"and\">\n\t\t<filter type=\"and\">\n\t\t\t<condition attribute=\"statecode\" operator=\"eq\" value=\"0\"/>\n\t\t\t<filter type=\"or\">\n\t\t\t\t<condition attribute=\"ita_startdate\" operator=\"null\"/>\n\t\t\t\t<condition attribute=\"ita_startdate\" operator=\"last-x-years\" value=\"10\"/>\n\t\t\t</filter>\n\t\t\t<filter type=\"or\">\n\t\t\t\t<condition attribute=\"ita_enddate\" operator=\"null\"/>\n\t\t\t\t<condition attribute=\"ita_enddate\" operator=\"next-x-years\" value=\"10\"/>\n\t\t\t</filter>\n\t\t</filter>\n                <filter type=\"or\">\n                   <filter type=\"and\"> \n\t\t      <condition attribute=\"ita_externaluserid\" operator=\"eq\" value=\"@{outputs('ExternalIdentityId')}\"/>\n                      <condition attribute=\"ita_contact\" operator=\"null\"/>\n                      <condition attribute=\"contactid\" entityname=\"contact\" operator=\"null\"/>\n                   </filter>\n                   <condition attribute=\"adx_externalidentityid\" entityname=\"contactexternalidentity\" operator=\"not-null\"/>\n                   \n\t\t</filter>\n             </filter>\n             <link-entity name=\"contact\" alias=\"contact\" link-type=\"outer\" from=\"contactid\" to=\"ita_contact\">\n\t\t\t<filter type=\"and\">\n\t\t\t\t<condition attribute=\"adx_identity_logonenabled\" operator=\"eq\" value=\"1\"/>\n\t\t\t</filter>\n\t\t\t<link-entity name=\"adx_externalidentity\" alias=\"contactexternalidentity\" link-type=\"outer\" from=\"adx_contactid\" to=\"contactid\">\n\t\t\t\t<filter type=\"and\">\n\t\t\t\t\t<condition attribute=\"adx_username\" operator=\"eq\" value=\"@{outputs('ExternalIdentityId')}\"/>\n\t\t\t\t</filter>\n\t\t\t</link-entity>\n\t      </link-entity>\n\t</entity>\n</fetch>",
              "$top": 1
            },
            "authentication": "@parameters('$authentication')"
          }
        },
        "Response_3": {
          "runAfter": {
            "ExternalIdentityId": [
              "Failed"
            ]
          },
          "metadata": {
            "operationMetadataId": "6e581dce-dcb8-433d-a273-c082a37fab16"
          },
          "type": "Response",
          "kind": "Http",
          "inputs": {
            "statusCode": 401,
            "headers": {
              "Content-type": "text/html"
            }
          }
        }
      }
    },
    "templateName": ""
  },
  "schemaVersion": "1.0.0.0"
}